,GAME_ID,Player
0,0021800397,Timofey Mozgov
1,0021800397,Amile Jefferson
2,0021800397,Evan Fournier
3,0021800397,Troy Caupain
4,0021800397,Ray Spalding
5,0021800397,Dennis Smith Jr.
6,0021800397,Dirk Nowitzki
7,0021800397,Daryl Macon
8,0021800397,Kostas Antetokounmpo
9,0021800393,Kyrie Irving
10,0021800393,Gordon Hayward
11,0021800393,Al Horford
12,0021800393,Jabari Bird
13,0021800393,Guerschon Yabusele
14,0021800393,Elfrid Payton
15,0021800393,Trevon Bluiett
16,0021800393,E'Twaun Moore
17,0021800393,Frank Jackson
18,0021800395,Trevon Duval
19,0021800395,Christian Wood
20,0021800395,Pat Connaughton
21,0021800395,Jaylen Morris
22,0021800395,John Henson
23,0021800395,David Nwaba
24,0021800395,JR Smith
25,0021800395,Kevin Love
26,0021800399,Johnathan Motley
27,0021800399,Luc Mbah a Moute
28,0021800399,Angel Delgado
29,0021800399,Jerome Robinson
30,0021800399,Jamal Crawford
31,0021800399,Devin Booker
32,0021800396,Grayson Allen
33,0021800396,Tyler Cavanaugh
34,0021800396,Naz Mitrou-Long
35,0021800396,Tony Bradley
36,0021800396,Tyler Davis
37,0021800396,Andre Roberson
38,0021800396,Timothe Luwawu-Cabarrot
39,0021800392,Demetrius Jackson
40,0021800392,Zhaire Smith
41,0021800392,Markelle Fultz
42,0021800392,Jonah Bolden
43,0021800392,Ish Smith
44,0021800392,Reggie Bullock
45,0021800392,Zach Lofton
46,0021800392,Keenan Evans
47,0021800392,Stanley Johnson
48,0021800400,Jerryd Bayless
49,0021800400,Keita Bates-Diop
50,0021800400,Jared Terrell
51,0021800400,C.J. Williams
52,0021800400,DeMarcus Cousins
53,0021800400,Damian Jones
54,0021800400,Marcus Derrickson
55,0021800400,Damion Lee
56,0021800390,Georges Niang
57,0021800390,Tony Bradley
58,0021800390,Tyler Cavanaugh
59,0021800390,Naz Mitrou-Long
60,0021800390,Dejounte Murray
61,0021800390,Ben Moore
62,0021800390,Lonnie Walker IV
63,0021800390,Pau Gasol
64,0021800388,D.J. Wilson
65,0021800388,Jaylen Morris
66,0021800388,Christian Wood
67,0021800388,Trevon Duval
68,0021800388,Jordan Loyd
69,0021800388,Chris Boucher
70,0021800388,Norman Powell
71,0021800387,Elfrid Payton
72,0021800387,Trevon Bluiett
73,0021800387,Kenrich Williams
74,0021800387,Frank Jackson
75,0021800387,Keenan Evans
76,0021800387,Ish Smith
77,0021800387,Reggie Bullock
78,0021800387,Zach Lofton
79,0021800387,Stanley Johnson
80,0021800389,J.P. Macura
81,0021800389,Joe Chealey
82,0021800389,Dwayne Bacon
83,0021800389,Kristaps Porzingis
84,0021800389,Lance Thomas
85,0021800389,Isaiah Hicks
86,0021800389,Trey Burke
87,0021800384,Ivan Rabb
88,0021800384,Yuta Watanabe
89,0021800384,Jevon Carter
90,0021800384,Dillon Brooks
91,0021800384,Rajon Rondo
92,0021800384,Brandon Ingram
93,0021800384,Alex Caruso
94,0021800384,Johnathan Williams
95,0021800378,Dennis Smith Jr.
96,0021800378,Kostas Antetokounmpo
97,0021800378,Maxi Kleber
98,0021800378,Ray Spalding
99,0021800378,Dirk Nowitzki
100,0021800378,Daryl Macon
101,0021800378,Isaiah Hartenstein
102,0021800378,Carmelo Anthony
103,0021800378,Vincent Edwards
104,0021800378,Brandon Knight
105,0021800378,Zhou Qi
106,0021800382,Lance Thomas
107,0021800382,Isaiah Hicks
108,0021800382,Trey Burke
109,0021800382,Kristaps Porzingis
110,0021800382,Treveon Graham
111,0021800382,Theo Pinson
112,0021800382,Alan Williams
113,0021800382,Dzanan Musa
114,0021800382,Caris LeVert
115,0021800386,Johnathan Motley
116,0021800386,Jerome Robinson
117,0021800386,Luc Mbah a Moute
118,0021800386,Angel Delgado
119,0021800386,Yante Maten
120,0021800386,Wayne Ellington
121,0021800386,Dion Waiters
122,0021800386,Duncan Robinson
123,0021800385,C.J. Williams
124,0021800385,Jared Terrell
125,0021800385,Jerryd Bayless
126,0021800385,Keita Bates-Diop
127,0021800385,Gary Trent Jr.
128,0021800385,Anfernee Simons
129,0021800379,Wenyen Gabriel
130,0021800379,Zach Randolph
131,0021800379,Iman Shumpert
132,0021800379,Skal Labissiere
133,0021800379,Victor Oladipo
134,0021800379,Davon Reed
135,0021800379,Ike Anigbogu
136,0021800381,David Nwaba
137,0021800381,JR Smith
138,0021800381,John Henson
139,0021800381,Kevin Love
140,0021800381,Matthew Dellavedova
141,0021800381,Jordan McRae
142,0021800381,Troy Brown Jr.
143,0021800381,Okaro White
144,0021800381,Devin Robinson
145,0021800381,Dwight Howard
146,0021800380,Taurean Prince
147,0021800380,Daniel Hamilton
148,0021800380,Miles Plumlee
149,0021800380,Alex Poythress
150,0021800380,Jeremy Lin
151,0021800380,Omari Spellman
152,0021800380,Isaiah Thomas
153,0021800380,Will Barton
154,0021800380,Jarred Vanderbilt
155,0021800380,Michael Porter Jr.
156,0021800380,Gary Harris
157,0021800380,Paul Millsap
158,0021800383,Denzel Valentine
159,0021800383,Bobby Portis
160,0021800383,Rawle Alkins
161,0021800383,Kris Dunn
162,0021800383,Tyler Ulis
163,0021800383,Jabari Bird
164,0021800383,Aron Baynes
165,0021800383,P.J. Dozier
166,0021800383,Robert Williams III
167,0021800368,Bismack Biyombo
168,0021800368,Joe Chealey
169,0021800368,J.P. Macura
170,0021800368,Isaiah Thomas
171,0021800368,Will Barton
172,0021800368,Jarred Vanderbilt
173,0021800368,Michael Porter Jr.
174,0021800368,Thomas Welsh
175,0021800368,Gary Harris
176,0021800377,Matthew Dellavedova
177,0021800377,Christian Wood
178,0021800377,John Henson
179,0021800377,Jaylen Morris
180,0021800377,Draymond Green
181,0021800377,DeMarcus Cousins
182,0021800377,Damian Jones
183,0021800377,Damion Lee
184,0021800373,Kris Dunn
185,0021800373,Denzel Valentine
186,0021800373,Bobby Portis
187,0021800373,Tyler Ulis
188,0021800373,Rawle Alkins
189,0021800373,Andre Roberson
190,0021800373,Timothe Luwawu-Cabarrot
191,0021800373,Tyler Davis
192,0021800371,Alan Williams
193,0021800371,Dzanan Musa
194,0021800371,Theo Pinson
195,0021800371,Treveon Graham
196,0021800371,Caris LeVert
197,0021800371,Chris Boucher
198,0021800371,Norman Powell
199,0021800371,Jordan Loyd
200,0021800372,George Hill
201,0021800372,JR Smith
202,0021800372,Kevin Love
203,0021800372,David Nwaba
204,0021800372,Sam Dekker
205,0021800372,Ben McLemore
206,0021800372,Zach Randolph
207,0021800372,Skal Labissiere
208,0021800372,Wenyen Gabriel
209,0021800374,Yuta Watanabe
210,0021800374,Ivan Rabb
211,0021800374,Dillon Brooks
212,0021800374,Jevon Carter
213,0021800374,Chandler Parsons
214,0021800374,Trevon Bluiett
215,0021800374,Frank Jackson
216,0021800374,Kenrich Williams
217,0021800374,Elfrid Payton
218,0021800376,Duncan Robinson
219,0021800376,Dion Waiters
220,0021800376,Yante Maten
221,0021800376,Wayne Ellington
222,0021800376,T.J. Warren
223,0021800376,Devin Booker
224,0021800369,Zhaire Smith
225,0021800369,Shake Milton
226,0021800369,Joel Embiid
227,0021800369,Markelle Fultz
228,0021800369,Demetrius Jackson
229,0021800369,Reggie Bullock
230,0021800369,Keenan Evans
231,0021800369,Zach Lofton
232,0021800369,Ish Smith
233,0021800370,Troy Caupain
234,0021800370,Timofey Mozgov
235,0021800370,Melvin Frazier Jr.
236,0021800370,Amile Jefferson
237,0021800370,Ike Anigbogu
238,0021800370,Victor Oladipo
239,0021800370,Davon Reed
240,0021800370,Domantas Sabonis
241,0021800375,Johnathan Williams
242,0021800375,Alex Caruso
243,0021800375,Rajon Rondo
244,0021800375,Brandon Ingram
245,0021800375,Dejounte Murray
246,0021800375,Drew Eubanks
247,0021800375,Ben Moore
248,0021800375,Lonnie Walker IV
249,0021800375,Pau Gasol
250,0021800366,Devin Booker
251,0021800366,George King
252,0021800366,T.J. Warren
253,0021800366,CJ McCollum
254,0021800366,Anfernee Simons
255,0021800367,Tyler Cavanaugh
256,0021800367,Georges Niang
257,0021800367,Naz Mitrou-Long
258,0021800367,Tony Bradley
259,0021800367,Zhou Qi
260,0021800367,Vincent Edwards
261,0021800367,Carmelo Anthony
262,0021800367,Brandon Knight
263,0021800367,Isaiah Hartenstein
264,0021800365,Robert Williams III
265,0021800365,Jabari Bird
266,0021800365,P.J. Dozier
267,0021800365,Kristaps Porzingis
268,0021800365,Lance Thomas
269,0021800365,Trey Burke
270,0021800365,Isaiah Hicks
271,0021800357,Jaylen Adams
272,0021800357,Daniel Hamilton
273,0021800357,Taurean Prince
274,0021800357,Alex Poythress
275,0021800357,Jeff Green
276,0021800357,Devin Robinson
277,0021800357,John Wall
278,0021800357,Dwight Howard
279,0021800357,Jordan McRae
280,0021800359,Markelle Fultz
281,0021800359,Zhaire Smith
282,0021800359,Demetrius Jackson
283,0021800359,Justin Patton
284,0021800359,Shake Milton
285,0021800359,Jordan Loyd
286,0021800359,Norman Powell
287,0021800359,Chris Boucher
288,0021800359,Malachi Richardson
289,0021800356,Troy Caupain
290,0021800356,Timofey Mozgov
291,0021800356,Amile Jefferson
292,0021800356,Melvin Frazier Jr.
293,0021800356,Gary Harris
294,0021800356,Michael Porter Jr.
295,0021800356,Thomas Welsh
296,0021800356,Jarred Vanderbilt
297,0021800356,Will Barton
298,0021800356,Isaiah Thomas
299,0021800364,Alex Caruso
300,0021800364,Isaac Bonga
301,0021800364,Rajon Rondo
302,0021800364,Johnathan Williams
303,0021800364,Lonnie Walker IV
304,0021800364,Dejounte Murray
305,0021800364,Drew Eubanks
306,0021800364,Pau Gasol
307,0021800364,Ben Moore
308,0021800360,Jerome Robinson
309,0021800360,Angel Delgado
310,0021800360,Luc Mbah a Moute
311,0021800360,Johnathan Motley
312,0021800360,DJ Stephens
313,0021800360,Dillon Brooks
314,0021800360,Chandler Parsons
315,0021800360,Jevon Carter
316,0021800362,Marvin Williams
317,0021800362,Joe Chealey
318,0021800362,J.P. Macura
319,0021800362,Jerryd Bayless
320,0021800362,Jared Terrell
321,0021800362,Keita Bates-Diop
322,0021800362,C.J. Williams
323,0021800355,Ante Zizic
324,0021800355,David Nwaba
325,0021800355,Kevin Love
326,0021800355,Sam Dekker
327,0021800355,JR Smith
328,0021800355,DeMarcus Cousins
329,0021800355,Damion Lee
330,0021800355,Damian Jones
331,0021800355,Draymond Green
332,0021800361,Khris Middleton
333,0021800361,Ersan Ilyasova
334,0021800361,Trevon Duval
335,0021800361,John Henson
336,0021800361,Henry Ellenson
337,0021800361,Reggie Bullock
338,0021800361,Zach Lofton
339,0021800361,Keenan Evans
340,0021800363,Daryl Macon
341,0021800363,Dennis Smith Jr.
342,0021800363,Ray Spalding
343,0021800363,Kostas Antetokounmpo
344,0021800363,Dirk Nowitzki
345,0021800363,Salah Mejri
346,0021800363,Trevon Bluiett
347,0021800363,Frank Jackson
348,0021800363,Elfrid Payton
349,0021800363,Kenrich Williams
350,0021800358,Treveon Graham
351,0021800358,Alan Williams
352,0021800358,Dzanan Musa
353,0021800358,Caris LeVert
354,0021800358,Theo Pinson
355,0021800358,Tyler Davis
356,0021800358,Andre Roberson
357,0021800358,Timothe Luwawu-Cabarrot
358,0021800354,Grayson Allen
359,0021800354,Tyler Cavanaugh
360,0021800354,Naz Mitrou-Long
361,0021800354,Tony Bradley
362,0021800354,Drew Eubanks
363,0021800354,Lonnie Walker IV
364,0021800354,Pau Gasol
365,0021800354,Ben Moore
366,0021800354,Dejounte Murray
367,0021800353,Marvin Bagley III
368,0021800353,Wenyen Gabriel
369,0021800353,Zach Randolph
370,0021800353,Skal Labissiere
371,0021800353,Devin Booker
372,0021800353,T.J. Warren
373,0021800353,George King
374,0021800350,Kris Dunn
375,0021800350,Bobby Portis
376,0021800350,Denzel Valentine
377,0021800350,Tyler Ulis
378,0021800350,Rawle Alkins
379,0021800350,Victor Oladipo
380,0021800350,Davon Reed
381,0021800350,Ike Anigbogu
382,0021800352,Ray Spalding
383,0021800352,Daryl Macon
384,0021800352,Kostas Antetokounmpo
385,0021800352,Dirk Nowitzki
386,0021800352,Gary Trent Jr.
387,0021800352,Anfernee Simons
388,0021800351,Dion Waiters
389,0021800351,Yante Maten
390,0021800351,Duncan Robinson
391,0021800351,Goran Dragic
392,0021800351,Troy Caupain
393,0021800351,Melvin Frazier Jr.
394,0021800351,Amile Jefferson
395,0021800351,Timofey Mozgov
396,0021800347,Thomas Welsh
397,0021800347,Jarred Vanderbilt
398,0021800347,Michael Porter Jr.
399,0021800347,Will Barton
400,0021800347,DeVaughn Akoon-Purcell
401,0021800347,Isaiah Thomas
402,0021800347,Jordan Loyd
403,0021800347,Chris Boucher
404,0021800347,Norman Powell
405,0021800343,Khyri Thomas
406,0021800343,Keenan Evans
407,0021800343,Zach Lofton
408,0021800343,Henry Ellenson
409,0021800343,Tyler Davis
410,0021800343,Andre Roberson
411,0021800343,Timothe Luwawu-Cabarrot
412,0021800349,Johnathan Motley
413,0021800349,Angel Delgado
414,0021800349,Luc Mbah a Moute
415,0021800349,Jerome Robinson
416,0021800349,Trevon Bluiett
417,0021800349,Elfrid Payton
418,0021800349,Kenrich Williams
419,0021800345,David Nwaba
420,0021800345,Sam Dekker
421,0021800345,JR Smith
422,0021800345,Kevin Love
423,0021800345,Jaron Blossomgame
424,0021800345,Alan Williams
425,0021800345,Theo Pinson
426,0021800345,Caris LeVert
427,0021800345,Treveon Graham
428,0021800348,Carmelo Anthony
429,0021800348,Vincent Edwards
430,0021800348,Zhou Qi
431,0021800348,Brandon Knight
432,0021800348,Jared Terrell
433,0021800348,Jerryd Bayless
434,0021800348,C.J. Williams
435,0021800348,Keita Bates-Diop
436,0021800346,Trey Burke
437,0021800346,Kristaps Porzingis
438,0021800346,Isaiah Hicks
439,0021800346,Lance Thomas
440,0021800346,Jordan McRae
441,0021800346,Dwight Howard
442,0021800346,Devin Robinson
443,0021800344,Jaylen Adams
444,0021800344,Daniel Hamilton
445,0021800344,Alex Poythress
446,0021800344,Tyler Dorsey
447,0021800344,Alfonzo McKinnie
448,0021800344,DeMarcus Cousins
449,0021800344,Draymond Green
450,0021800344,Damian Jones
451,0021800341,Johnathan Motley
452,0021800341,Jerome Robinson
453,0021800341,Angel Delgado
454,0021800341,Luc Mbah a Moute
455,0021800341,Daryl Macon
456,0021800341,Ray Spalding
457,0021800341,Kostas Antetokounmpo
458,0021800341,Maxi Kleber
459,0021800341,Luka Doncic
460,0021800341,Dirk Nowitzki
461,0021800337,Isaac Bonga
462,0021800337,Rajon Rondo
463,0021800337,Johnathan Williams
464,0021800337,Alex Caruso
465,0021800337,T.J. Warren
466,0021800337,George King
467,0021800338,Joe Chealey
468,0021800338,Cody Zeller
469,0021800338,J.P. Macura
470,0021800338,Kenrich Williams
471,0021800338,Elfrid Payton
472,0021800338,Trevon Bluiett
473,0021800340,Markelle Fultz
474,0021800340,Justin Patton
475,0021800340,Jonah Bolden
476,0021800340,Wilson Chandler
477,0021800340,Zhaire Smith
478,0021800340,Chandler Parsons
479,0021800340,Dillon Brooks
480,0021800340,Yuta Watanabe
481,0021800339,Goran Dragic
482,0021800339,Duncan Robinson
483,0021800339,Yante Maten
484,0021800339,Dion Waiters
485,0021800339,Tyler Cavanaugh
486,0021800339,Naz Mitrou-Long
487,0021800339,Tony Bradley
488,0021800339,Georges Niang
489,0021800342,Dejounte Murray
490,0021800342,Drew Eubanks
491,0021800342,Ben Moore
492,0021800342,Lonnie Walker IV
493,0021800342,Evan Turner
494,0021800342,Caleb Swanigan
495,0021800333,Joe Harris
496,0021800333,Alan Williams
497,0021800333,Treveon Graham
498,0021800333,Caris LeVert
499,0021800333,Okaro White
500,0021800333,Jeff Green
501,0021800333,Devin Robinson
502,0021800333,Dwight Howard
503,0021800333,Jordan McRae
504,0021800334,Bobby Portis
505,0021800334,Tyler Ulis
506,0021800334,Rawle Alkins
507,0021800334,Denzel Valentine
508,0021800334,Kris Dunn
509,0021800334,Brandon Knight
510,0021800334,Vincent Edwards
511,0021800334,Carmelo Anthony
512,0021800334,Zhou Qi
513,0021800330,D.J. Wilson
514,0021800330,Ersan Ilyasova
515,0021800330,John Henson
516,0021800330,Trevon Duval
517,0021800330,Lance Thomas
518,0021800330,Ron Baker
519,0021800330,Kristaps Porzingis
520,0021800330,Isaiah Hicks
521,0021800335,Jaylen Brown
522,0021800335,Jabari Bird
523,0021800335,P.J. Dozier
524,0021800335,Jerryd Bayless
525,0021800335,Jared Terrell
526,0021800335,Keita Bates-Diop
527,0021800335,C.J. Williams
528,0021800336,Marvin Bagley III
529,0021800336,Zach Randolph
530,0021800336,Skal Labissiere
531,0021800336,Wenyen Gabriel
532,0021800336,Victor Oladipo
533,0021800336,Alize Johnson
534,0021800336,Davon Reed
535,0021800331,Zach Lofton
536,0021800331,Henry Ellenson
537,0021800331,Keenan Evans
538,0021800331,Luke Kennard
539,0021800331,Draymond Green
540,0021800331,Marcus Derrickson
541,0021800331,DeMarcus Cousins
542,0021800331,Alfonzo McKinnie
543,0021800332,JR Smith
544,0021800332,Billy Preston
545,0021800332,David Nwaba
546,0021800332,Sam Dekker
547,0021800332,Kevin Love
548,0021800332,Jordan Loyd
549,0021800332,Chris Boucher
550,0021800332,Norman Powell
551,0021800324,Yante Maten
552,0021800324,Goran Dragic
553,0021800324,Duncan Robinson
554,0021800324,Dion Waiters
555,0021800324,Frank Jackson
556,0021800324,Elfrid Payton
557,0021800324,Trevon Bluiett
558,0021800323,Yuta Watanabe
559,0021800323,Dillon Brooks
560,0021800323,Jevon Carter
561,0021800323,Joe Harris
562,0021800323,Theo Pinson
563,0021800323,Dzanan Musa
564,0021800323,Caris LeVert
565,0021800323,Alan Williams
566,0021800326,Zhou Qi
567,0021800326,Carmelo Anthony
568,0021800326,Vincent Edwards
569,0021800326,Brandon Knight
570,0021800326,Dejounte Murray
571,0021800326,Ben Moore
572,0021800326,Drew Eubanks
573,0021800326,Pau Gasol
574,0021800326,Lonnie Walker IV
575,0021800328,Isaac Bonga
576,0021800328,Rajon Rondo
577,0021800328,Johnathan Williams
578,0021800328,Alex Caruso
579,0021800328,Dirk Nowitzki
580,0021800328,Kostas Antetokounmpo
581,0021800328,Daryl Macon
582,0021800328,Ray Spalding
583,0021800322,Markelle Fultz
584,0021800322,Jonah Bolden
585,0021800322,Demetrius Jackson
586,0021800322,Justin Patton
587,0021800322,Zhaire Smith
588,0021800322,Okaro White
589,0021800322,Jordan McRae
590,0021800322,Otto Porter Jr.
591,0021800322,Dwight Howard
592,0021800319,Kevin Love
593,0021800319,Sam Dekker
594,0021800319,David Nwaba
595,0021800319,JR Smith
596,0021800319,Billy Preston
597,0021800319,Al Horford
598,0021800319,Jabari Bird
599,0021800319,Jaylen Brown
600,0021800327,Timofey Mozgov
601,0021800327,Melvin Frazier Jr.
602,0021800327,Amile Jefferson
603,0021800327,Troy Caupain
604,0021800327,T.J. Warren
605,0021800327,George King
606,0021800320,Bismack Biyombo
607,0021800320,Joe Chealey
608,0021800320,J.P. Macura
609,0021800320,Tony Bradley
610,0021800320,Naz Mitrou-Long
611,0021800320,Tyler Cavanaugh
612,0021800320,Georges Niang
613,0021800325,Daniel Hamilton
614,0021800325,Jaylen Adams
615,0021800325,Jeremy Lin
616,0021800325,Alex Poythress
617,0021800325,Tyler Davis
618,0021800325,Terrance Ferguson
619,0021800325,Andre Roberson
620,0021800329,Michael Porter Jr.
621,0021800329,Isaiah Thomas
622,0021800329,DeVaughn Akoon-Purcell
623,0021800329,Jarred Vanderbilt
624,0021800329,Thomas Welsh
625,0021800329,Will Barton
626,0021800329,Anfernee Simons
627,0021800329,Gary Trent Jr.
628,0021800321,Tyler Ulis
629,0021800321,Denzel Valentine
630,0021800321,Rawle Alkins
631,0021800321,Bobby Portis
632,0021800321,Lauri Markkanen
633,0021800321,Kris Dunn
634,0021800321,Keenan Evans
635,0021800321,Zach Lofton
636,0021800321,Luke Kennard
637,0021800321,Henry Ellenson
638,0021800317,Alex Caruso
639,0021800317,Johnathan Williams
640,0021800317,Rajon Rondo
641,0021800317,Isaac Bonga
642,0021800317,Davon Reed
643,0021800317,Victor Oladipo
644,0021800317,Alize Johnson
645,0021800316,Chris Boucher
646,0021800316,Jordan Loyd
647,0021800316,Norman Powell
648,0021800316,Stephen Curry
649,0021800316,Draymond Green
650,0021800316,DeMarcus Cousins
651,0021800316,Alfonzo McKinnie
652,0021800316,Marcus Derrickson
653,0021800318,Johnathan Motley
654,0021800318,Luc Mbah a Moute
655,0021800318,Angel Delgado
656,0021800318,Jerome Robinson
657,0021800318,Kosta Koufos
658,0021800318,Wenyen Gabriel
659,0021800318,Zach Randolph
660,0021800318,Skal Labissiere
661,0021800309,Dirk Nowitzki
662,0021800309,Kostas Antetokounmpo
663,0021800309,Ray Spalding
664,0021800309,Daryl Macon
665,0021800309,Vincent Edwards
666,0021800309,Brandon Knight
667,0021800309,Carmelo Anthony
668,0021800309,Nene Hilario
669,0021800309,Zhou Qi
670,0021800314,Timofey Mozgov
671,0021800314,Aaron Gordon
672,0021800314,Amile Jefferson
673,0021800314,Troy Caupain
674,0021800314,Gary Trent Jr.
675,0021800314,Anfernee Simons
676,0021800310,John Henson
677,0021800310,Trevon Duval
678,0021800310,D.J. Wilson
679,0021800310,Christian Wood
680,0021800310,Denzel Valentine
681,0021800310,Rawle Alkins
682,0021800310,Kris Dunn
683,0021800310,Tyler Ulis
684,0021800310,Bobby Portis
685,0021800310,Lauri Markkanen
686,0021800315,Angel Delgado
687,0021800315,Jerome Robinson
688,0021800315,Luc Mbah a Moute
689,0021800315,Johnathan Motley
690,0021800315,George King
691,0021800315,De'Anthony Melton
692,0021800312,Frank Jackson
693,0021800312,Elfrid Payton
694,0021800312,Trevon Bluiett
695,0021800312,Jordan McRae
696,0021800312,Okaro White
697,0021800312,Dwight Howard
698,0021800311,Pau Gasol
699,0021800311,Drew Eubanks
700,0021800311,Dejounte Murray
701,0021800311,Ben Moore
702,0021800311,Lonnie Walker IV
703,0021800311,Jared Terrell
704,0021800311,Keita Bates-Diop
705,0021800311,C.J. Williams
706,0021800311,Jerryd Bayless
707,0021800307,Justin Patton
708,0021800307,Markelle Fultz
709,0021800307,Shake Milton
710,0021800307,Jonah Bolden
711,0021800307,Zhaire Smith
712,0021800307,Isaiah Hicks
713,0021800307,Lance Thomas
714,0021800307,Courtney Lee
715,0021800307,Luke Kornet
716,0021800307,Kristaps Porzingis
717,0021800308,Tyler Cavanaugh
718,0021800308,Naz Mitrou-Long
719,0021800308,Alec Burks
720,0021800308,Tony Bradley
721,0021800308,Caris LeVert
722,0021800308,Alan Williams
723,0021800308,Treveon Graham
724,0021800308,Theo Pinson
725,0021800306,Jaylen Adams
726,0021800306,Alex Poythress
727,0021800306,Jeremy Lin
728,0021800306,Tyler Dorsey
729,0021800306,Joe Chealey
730,0021800306,J.P. Macura
731,0021800306,Bismack Biyombo
732,0021800313,Kevin Love
733,0021800313,Billy Preston
734,0021800313,JR Smith
735,0021800313,Kyle Korver
736,0021800313,Andre Roberson
737,0021800313,Terrance Ferguson
738,0021800313,Hamidou Diallo
739,0021800305,Davon Reed
740,0021800305,Victor Oladipo
741,0021800305,Alize Johnson
742,0021800305,De'Anthony Melton
743,0021800305,George King
744,0021800301,Kristaps Porzingis
745,0021800301,Courtney Lee
746,0021800301,Lance Thomas
747,0021800301,Isaiah Hicks
748,0021800301,Luke Kornet
749,0021800301,Keenan Evans
750,0021800301,Zach Lofton
751,0021800301,Henry Ellenson
752,0021800301,Luke Kennard
753,0021800304,Isaac Bonga
754,0021800304,Rajon Rondo
755,0021800304,Alex Caruso
756,0021800304,Johnathan Williams
757,0021800304,Michael Porter Jr.
758,0021800304,Will Barton
759,0021800304,Jarred Vanderbilt
760,0021800304,Isaiah Thomas
761,0021800304,Thomas Welsh
762,0021800303,DJ Stephens
763,0021800303,Jevon Carter
764,0021800303,Dillon Brooks
765,0021800303,Yuta Watanabe
766,0021800303,Jordan Loyd
767,0021800303,Greg Monroe
768,0021800303,Norman Powell
769,0021800303,Chris Boucher
770,0021800302,Tyler Dorsey
771,0021800302,Alex Poythress
772,0021800302,Jaylen Adams
773,0021800302,Daniel Hamilton
774,0021800302,Goran Dragic
775,0021800302,Yante Maten
776,0021800302,Dion Waiters
777,0021800302,Tyler Johnson
778,0021800294,Ersan Ilyasova
779,0021800294,Trevon Duval
780,0021800294,John Henson
781,0021800294,D.J. Wilson
782,0021800294,J.P. Macura
783,0021800294,Bismack Biyombo
784,0021800294,Joe Chealey
785,0021800297,Tyler Ulis
786,0021800297,Denzel Valentine
787,0021800297,Rawle Alkins
788,0021800297,Bobby Portis
789,0021800297,Kris Dunn
790,0021800297,Pau Gasol
791,0021800297,Ben Moore
792,0021800297,Dejounte Murray
793,0021800297,Drew Eubanks
794,0021800297,Lonnie Walker IV
795,0021800295,David Nwaba
796,0021800295,JR Smith
797,0021800295,Billy Preston
798,0021800295,Sam Dekker
799,0021800295,Kevin Love
800,0021800295,Keita Bates-Diop
801,0021800295,C.J. Williams
802,0021800295,Jerryd Bayless
803,0021800295,Jared Terrell
